City_ID,City,Lat,Lng,Max Temp,Humidity,Cloudiness,Wind Speed,Country,Date
0,Chuy,-33.6971,-53.4616,41.83,81,23,5.26,UY,2022-07-13 00:23:46
1,Qaanaaq,77.484,-69.3632,41.23,75,87,5.08,GL,2022-07-13 00:23:47
2,Nyurba,63.2842,118.3319,66.61,82,66,4.68,RU,2022-07-13 00:23:47
3,Barra Patuca,15.8,-84.2833,79.5,88,100,9.69,HN,2022-07-13 00:23:47
4,Lasa,46.6166,10.7002,63.48,68,71,4.03,IT,2022-07-13 00:23:48
5,Marzuq,14.4,46.4667,77.76,40,100,3.71,YE,2022-07-13 00:23:48
6,Platanos,37.6667,21.6167,72.09,71,0,4.23,GR,2022-07-13 00:23:48
7,Mataura,-46.1927,168.8643,44.47,98,100,6.78,NZ,2022-07-13 00:23:49
8,Jamestown,42.097,-79.2353,74.01,66,0,8.05,US,2022-07-13 00:23:49
9,Hilo,19.7297,-155.09,87.28,76,75,10.36,US,2022-07-13 00:20:52
10,Thompson,55.7435,-97.8558,75.36,35,20,3.44,CA,2022-07-13 00:23:49
11,Barrow,71.2906,-156.7887,39.22,87,100,10.36,US,2022-07-13 00:23:50
12,Atuona,-9.8,-139.0333,77.76,77,27,19.08,PF,2022-07-13 00:23:50
13,Bathsheba,13.2167,-59.5167,83.01,85,40,18.41,BB,2022-07-13 00:23:50
14,Port Alfred,-33.5906,26.891,57.09,67,0,9.37,ZA,2022-07-13 00:23:51
15,Butaritari,3.0707,172.7902,82.4,71,100,18.84,KI,2022-07-13 00:23:17
16,Chum Phae,16.5443,102.0992,74.53,95,100,2.15,TH,2022-07-13 00:23:51
17,Kavaratti,10.5669,72.642,81.09,78,100,20.85,IN,2022-07-13 00:20:02
18,Alofi,-19.0595,-169.9187,80.49,74,75,17.27,NU,2022-07-13 00:23:52
19,Mar Del Plata,-38.0023,-57.5575,46.87,70,0,16.11,AR,2022-07-13 00:20:49
20,Whitehorse,60.7161,-135.0538,47.17,93,100,11.5,CA,2022-07-13 00:23:52
21,Twentynine Palms,34.1356,-116.0542,108.14,13,38,10.0,US,2022-07-13 00:23:52
22,Merauke,-8.4667,140.3333,77.95,79,100,11.92,ID,2022-07-13 00:23:53
23,Georgetown,5.4112,100.3354,76.95,94,20,4.61,MY,2022-07-13 00:22:39
24,Weyburn,49.6668,-103.8511,79.02,36,1,4.61,CA,2022-07-13 00:23:53
25,Ushuaia,-54.8,-68.3,38.86,81,75,10.36,AR,2022-07-13 00:22:18
26,Bluff,-46.6,168.3333,44.8,92,100,22.77,NZ,2022-07-13 00:23:22
27,Corn Island,12.1694,-83.0418,81.01,83,100,20.71,NI,2022-07-13 00:23:54
28,Bhadasar,28.2833,74.3167,85.87,71,27,13.33,IN,2022-07-13 00:23:54
29,Sitka,57.0531,-135.33,55.29,76,100,0.0,US,2022-07-13 00:23:54
30,Albany,42.6001,-73.9662,78.89,68,19,1.01,US,2022-07-13 00:19:00
31,Mahebourg,-20.4081,57.7,69.26,60,69,15.88,MU,2022-07-13 00:23:55
32,Faanui,-16.4833,-151.75,78.87,67,2,9.48,PF,2022-07-13 00:23:55
33,Asau,46.4333,26.4,52.72,79,20,7.2,RO,2022-07-13 00:23:55
34,Bredasdorp,-34.5322,20.0403,47.37,90,0,5.37,ZA,2022-07-13 00:23:56
35,Esperance,-33.8667,121.9,51.33,58,0,9.98,AU,2022-07-13 00:23:56
36,Punta Arenas,-53.15,-70.9167,37.51,93,100,12.66,CL,2022-07-13 00:22:45
37,Iqaluit,63.7506,-68.5145,51.53,87,100,0.0,CA,2022-07-13 00:23:57
38,New Norfolk,-42.7826,147.0587,46.92,85,56,1.01,AU,2022-07-13 00:20:53
39,Paramonga,-10.6667,-77.8333,61.41,82,9,8.86,PE,2022-07-13 00:23:57
40,Eureka,40.8021,-124.1637,68.2,74,99,5.99,US,2022-07-13 00:23:57
41,Coquimbo,-29.9533,-71.3436,55.13,87,0,1.14,CL,2022-07-13 00:23:58
42,Ust-Kulom,61.6864,53.6902,60.78,88,62,2.19,RU,2022-07-13 00:23:58
43,Hermanus,-34.4187,19.2345,52.57,82,1,8.16,ZA,2022-07-13 00:23:58
44,Yabelo,4.8833,38.0833,56.62,71,95,11.86,ET,2022-07-13 00:23:59
45,Ponta Do Sol,32.6667,-17.1,69.01,70,38,2.28,PT,2022-07-13 00:23:59
46,Tiksi,71.6872,128.8694,35.8,95,100,8.9,RU,2022-07-13 00:24:59
47,Lorengau,-2.0226,147.2712,84.51,71,70,9.69,PG,2022-07-13 00:25:00
48,Maine-Soroa,13.2114,12.0241,91.29,34,97,8.16,NE,2022-07-13 00:25:00
49,Chute-Aux-Outardes,49.1168,-68.399,62.58,100,100,5.75,CA,2022-07-13 00:25:00
50,Krasnoyarskiy,51.965,59.8967,66.49,77,15,8.03,RU,2022-07-13 00:25:01
51,Lahad Datu,5.0268,118.327,79.07,87,94,1.95,MY,2022-07-13 00:25:01
52,Cape Town,-33.9258,18.4232,55.38,92,100,3.44,ZA,2022-07-13 00:24:13
53,Tasiilaq,65.6145,-37.6368,46.56,80,69,6.04,GL,2022-07-13 00:25:01
54,Kodiak,57.79,-152.4072,54.91,88,100,5.75,US,2022-07-13 00:25:02
55,Vaini,-21.2,-175.2,80.76,74,20,8.05,TO,2022-07-13 00:25:02
56,Kapaa,22.0752,-159.319,84.52,71,20,16.11,US,2022-07-13 00:24:16
57,Luwuk,-0.9516,122.7875,78.37,86,93,4.94,ID,2022-07-13 00:25:03
58,East London,-33.0153,27.9116,57.58,61,0,6.33,ZA,2022-07-13 00:25:03
59,Sao Joao Da Barra,-21.6403,-41.0511,72.72,84,96,20.6,BR,2022-07-13 00:25:03
60,Finnsnes,69.2296,17.9811,52.41,80,69,4.99,NO,2022-07-13 00:25:04
61,Morro Bay,35.3658,-120.8499,85.19,66,30,1.99,US,2022-07-13 00:23:15
62,Rikitea,-23.1203,-134.9692,75.07,73,10,12.86,PF,2022-07-13 00:25:04
63,Kavieng,-2.5744,150.7967,84.06,70,48,8.79,PG,2022-07-13 00:24:36
64,Margate,51.3813,1.3862,72.88,64,99,1.99,GB,2022-07-13 00:25:04
65,Cockburn Town,21.4612,-71.1419,81.5,85,6,17.45,TC,2022-07-13 00:25:05
66,Ouadda,8.0777,22.4007,68.22,96,100,1.5,CF,2022-07-13 00:25:05
67,Port Elizabeth,-33.918,25.5701,46.69,93,0,2.3,ZA,2022-07-13 00:25:05
68,Fortuna,40.5982,-124.1573,67.86,76,20,4.0,US,2022-07-13 00:25:06
69,Flinders,-34.5833,150.8552,55.18,75,83,4.0,AU,2022-07-13 00:25:06
70,Bethel,41.3712,-73.414,82.49,72,40,5.75,US,2022-07-13 00:23:24
71,Vao,-22.6667,167.4833,73.78,86,94,15.05,NC,2022-07-13 00:25:07
72,Vila,42.0304,-8.1588,73.71,61,71,3.49,PT,2022-07-13 00:25:07
73,Hobart,-42.8794,147.3294,47.26,85,75,6.91,AU,2022-07-13 00:20:07
74,Mehamn,71.0357,27.8492,66.15,63,69,16.11,NO,2022-07-13 00:22:04
75,Provideniya,64.3833,-173.3,53.71,76,0,11.18,RU,2022-07-13 00:25:08
76,Puerto Colombia,10.9878,-74.9547,82.49,85,73,18.81,CO,2022-07-13 00:25:08
77,Laguna,38.421,-121.4238,99.91,28,0,16.11,US,2022-07-13 00:25:08
78,Tuktoyaktuk,69.4541,-133.0374,42.8,93,100,11.5,CA,2022-07-13 00:25:09
79,Port Hardy,50.6996,-127.4199,59.18,67,75,6.91,CA,2022-07-13 00:25:09
80,Dikson,73.5069,80.5464,39.7,84,13,0.56,RU,2022-07-13 00:25:09
81,Harper,4.375,-7.7169,75.58,82,100,10.56,LR,2022-07-13 00:25:10
82,Yellowknife,62.456,-114.3525,70.32,56,75,11.5,CA,2022-07-13 00:25:10
83,Kloulklubed,7.0419,134.2556,82.9,76,60,8.81,PW,2022-07-13 00:25:10
84,Oranjemund,-28.55,16.4333,53.65,90,0,10.67,NA,2022-07-13 00:25:11
85,Saint-Philippe,-21.3585,55.7679,67.59,71,34,12.97,RE,2022-07-13 00:25:11
86,Hithadhoo,-0.6,73.0833,83.43,72,32,12.66,MV,2022-07-13 00:20:51
87,Wadena,46.4425,-95.1361,75.24,53,40,13.8,US,2022-07-13 00:25:11
88,Yeppoon,-23.1333,150.7333,60.58,51,0,11.03,AU,2022-07-13 00:25:12
89,Te Anau,-45.4167,167.7167,39.22,98,100,2.42,NZ,2022-07-13 00:25:12
90,Labuhan,-6.8844,112.2051,77.43,85,35,4.79,ID,2022-07-13 00:25:12
91,Acarau,-2.8856,-40.12,77.79,85,65,14.38,BR,2022-07-13 00:25:13
92,Ribeira Grande,38.5167,-28.7,70.36,91,76,8.93,PT,2022-07-13 00:25:13
93,Bonthe,7.5264,-12.505,75.67,90,49,6.2,SL,2022-07-13 00:26:14
94,Kamaishi,39.2667,141.8833,71.47,94,100,4.88,JP,2022-07-13 00:26:14
95,Norman Wells,65.282,-126.8329,62.64,72,75,20.71,CA,2022-07-13 00:26:14
96,Tilichiki,60.4667,166.1,65.3,68,7,6.42,RU,2022-07-13 00:26:15
97,Narsaq,60.9167,-46.05,50.22,82,13,3.02,GL,2022-07-13 00:26:15
98,Grindavik,63.8424,-22.4338,46.35,87,40,6.91,IS,2022-07-13 00:26:15
99,Ikalamavony,-21.15,46.5833,54.01,88,18,5.61,MG,2022-07-13 00:26:16
100,Longyearbyen,78.2186,15.6401,46.24,93,75,2.3,SJ,2022-07-13 00:23:01
101,Santa Isabel Do Rio Negro,-0.4139,-65.0192,75.07,94,89,1.99,BR,2022-07-13 00:26:16
102,Kenai,60.5544,-151.2583,65.03,67,100,3.44,US,2022-07-13 00:26:16
103,Half Moon Bay,37.4636,-122.4286,84.06,74,100,13.8,US,2022-07-13 00:26:17
104,Lompoc,34.6391,-120.4579,85.01,74,0,16.11,US,2022-07-13 00:25:43
105,Teya,60.3778,92.6267,52.86,80,100,3.38,RU,2022-07-13 00:26:17
106,Lere,10.387,8.5726,69.33,95,86,5.39,NG,2022-07-13 00:26:18
107,Paamiut,61.994,-49.6678,41.22,95,64,11.23,GL,2022-07-13 00:26:18
108,Bereda,43.2686,-7.5406,70.57,100,0,1.63,ES,2022-07-13 00:26:18
109,Baicheng,45.6167,122.8167,76.8,76,100,10.0,CN,2022-07-13 00:26:19
110,Nikolskoye,59.7035,30.7861,63.81,98,37,4.72,RU,2022-07-13 00:26:19
111,Buraydah,26.326,43.975,86.45,16,100,7.96,SA,2022-07-13 00:26:19
112,Doka,13.5167,35.7667,70.75,89,98,5.7,SD,2022-07-13 00:26:20
113,Koslan,63.4564,48.8989,61.11,90,39,4.18,RU,2022-07-13 00:26:20
114,Hefei,31.8639,117.2808,91.42,62,0,6.71,CN,2022-07-13 00:21:44
115,Puerto Ayora,-0.7393,-90.3518,70.56,87,28,3.0,EC,2022-07-13 00:26:13
116,Nanortalik,60.1432,-45.2371,41.92,89,20,9.71,GL,2022-07-13 00:26:21
117,Angol,-37.8,-72.7167,45.48,99,100,1.16,CL,2022-07-13 00:23:44
118,Verona,45.4167,11.0333,73.71,60,0,5.75,IT,2022-07-13 00:26:21
119,Upernavik,72.7868,-56.1549,42.57,86,100,3.67,GL,2022-07-13 00:26:21
120,Avarua,-21.2078,-159.775,77.05,69,75,9.22,CK,2022-07-13 00:26:22
121,Atar,20.5169,-13.0499,94.86,21,46,7.45,MR,2022-07-13 00:26:22
122,Barranca,-10.75,-77.7667,60.89,80,7,8.21,PE,2022-07-13 00:26:10
123,Lebu,-37.6167,-73.65,48.16,75,99,5.79,CL,2022-07-13 00:26:23
124,Boyolangu,-8.1181,111.8935,75.29,91,69,1.83,ID,2022-07-13 00:26:23
125,Arraial Do Cabo,-22.9661,-42.0278,71.56,83,0,6.91,BR,2022-07-13 00:26:23
126,Nantucket,41.2835,-70.0995,75.31,94,0,14.97,US,2022-07-13 00:24:58
127,Sinnamary,5.3833,-52.95,78.39,83,98,6.13,GF,2022-07-13 00:26:24
128,Samarai,-10.6167,150.6667,79.86,82,30,10.58,PG,2022-07-13 00:26:24
129,Torbay,47.6666,-52.7314,61.29,89,20,13.8,CA,2022-07-13 00:26:24
130,Xining,36.6167,101.7667,61.92,70,81,1.39,CN,2022-07-13 00:26:25
131,Mount Isa,-20.7333,139.5,58.77,31,3,16.11,AU,2022-07-13 00:26:25
132,Cosala,24.4125,-106.6908,84.61,67,66,1.45,MX,2022-07-13 00:26:25
133,Reus,41.1561,1.1069,73.83,64,0,3.0,ES,2022-07-13 00:26:26
134,Carnarvon,-24.8667,113.6333,66.6,69,1,7.76,AU,2022-07-13 00:26:26
135,Komsomolskiy,40.4272,71.7189,68.72,56,96,29.93,UZ,2022-07-13 00:26:26
136,Bud,39.447,-86.1758,82.42,55,0,7.72,US,2022-07-13 00:26:27
137,Saldanha,-33.0117,17.9442,41.05,78,0,2.98,ZA,2022-07-13 00:27:27
138,Santiago,-33.4569,-70.6483,51.85,65,0,4.61,CL,2022-07-13 00:27:27
139,Cabo San Lucas,22.8909,-109.9124,91.71,27,0,14.97,MX,2022-07-13 00:25:07
140,Fort Nelson,58.8053,-122.7002,67.59,37,75,3.44,CA,2022-07-13 00:23:01
141,Mount Gambier,-37.8333,140.7667,48.76,83,21,3.04,AU,2022-07-13 00:27:28
142,Lagoa,39.05,-27.9833,69.17,92,38,9.95,PT,2022-07-13 00:27:28
143,Gboko,7.3179,8.9951,72.46,91,81,9.64,NG,2022-07-13 00:27:29
144,Plettenberg Bay,-34.0527,23.3716,53.96,61,0,5.66,ZA,2022-07-13 00:27:29
145,Itarema,-2.9248,-39.9167,77.31,86,63,13.24,BR,2022-07-13 00:27:29
146,Kamoke,31.9744,74.2244,88.47,66,72,6.85,PK,2022-07-13 00:27:30
147,Brasilia,-15.7797,-47.9297,65.32,52,40,5.75,BR,2022-07-13 00:27:30
148,Axim,4.8699,-2.2405,75.15,80,100,9.44,GH,2022-07-13 00:27:30
149,Fort-Shevchenko,44.5086,50.263,82.94,42,84,12.5,KZ,2022-07-13 00:27:31
150,Kidal,18.4411,1.4078,92.07,29,57,3.98,ML,2022-07-13 00:27:31
151,Novyy Urengoy,66.0833,76.6333,52.3,60,0,8.59,RU,2022-07-13 00:27:31
152,Kihei,20.785,-156.4656,82.42,79,40,23.02,US,2022-07-13 00:27:32
153,Markova,48.6758,24.4138,54.9,76,100,12.33,UA,2022-07-13 00:27:32
154,Sungairaya,0.7,108.9,77.92,86,100,1.03,ID,2022-07-13 00:27:32
155,Springbok,-29.6643,17.8865,46.94,47,0,1.99,ZA,2022-07-13 00:27:33
156,Phulabani,20.4667,84.2333,74.82,96,89,2.17,IN,2022-07-13 00:27:33
157,Busselton,-33.65,115.3333,53.42,86,15,8.72,AU,2022-07-13 00:27:33
158,Awjilah,29.1081,21.2869,76.44,66,0,11.97,LY,2022-07-13 00:27:34
159,Mogadishu,2.0371,45.3438,75.7,80,65,20.49,SO,2022-07-13 00:23:06
160,Nara,34.6851,135.8049,86.97,49,6,2.21,JP,2022-07-13 00:27:34
161,Necochea,-38.5473,-58.7368,46.22,52,77,15.9,AR,2022-07-13 00:27:34
162,Pandamatenga,-18.5278,25.627,55.49,53,2,3.69,BW,2022-07-13 00:27:35
163,Hambantota,6.1241,81.1185,77.34,94,20,8.05,LK,2022-07-13 00:27:35
164,Westport,41.1415,-73.3579,80.89,84,20,9.22,US,2022-07-13 00:27:35
165,Ostrovnoy,68.0531,39.5131,56.3,99,98,3.98,RU,2022-07-13 00:27:36
166,Port Saint Lucie,27.2939,-80.3503,84.22,91,51,11.16,US,2022-07-13 00:25:09
167,Sistranda,63.7256,8.834,55.36,82,92,20.51,NO,2022-07-13 00:27:36
168,Aklavik,68.2191,-135.0107,56.46,55,68,16.6,CA,2022-07-13 00:27:37
169,Ornskoldsvik,63.2909,18.7153,49.15,93,86,2.3,SE,2022-07-13 00:27:37
170,Nioro,13.35,-15.75,81.32,82,77,7.81,GM,2022-07-13 00:27:37
171,Taitung,22.7583,121.1444,88.07,66,20,3.44,TW,2022-07-13 00:27:38
172,Cururupu,-1.8283,-44.8683,73.96,94,85,2.44,BR,2022-07-13 00:27:38
173,Araouane,18.9048,-3.5265,95.23,25,1,9.26,ML,2022-07-13 00:27:38
174,Morgan City,29.6994,-91.2068,80.02,90,78,5.95,US,2022-07-13 00:27:39
175,Podosinovets,60.2776,47.0659,62.22,93,90,5.1,RU,2022-07-13 00:27:39
176,Pangnirtung,66.1451,-65.7125,46.94,94,100,3.04,CA,2022-07-13 00:27:39
177,Linfen,36.0889,111.5189,73.4,92,100,1.54,CN,2022-07-13 00:27:40
178,Ushtobe,45.2514,77.9838,70.86,42,93,2.24,KZ,2022-07-13 00:27:40
179,Umm Lajj,25.0213,37.2685,84.83,71,100,7.43,SA,2022-07-13 00:27:40
180,Severo-Kurilsk,50.6789,156.125,55.98,89,48,0.25,RU,2022-07-13 00:28:41
181,Cherskiy,68.75,161.3,59.52,60,18,13.06,RU,2022-07-13 00:28:41
182,Kruisfontein,-34.0033,24.7314,50.94,54,0,6.96,ZA,2022-07-13 00:28:42
183,San Andres,12.5847,-81.7006,82.42,83,75,10.36,CO,2022-07-13 00:25:38
184,Hasaki,35.7333,140.8333,77.29,92,100,6.08,JP,2022-07-13 00:28:42
185,Agnibilekrou,7.1344,-3.2047,70.2,99,64,4.34,CI,2022-07-13 00:28:43
186,Matay,28.419,30.7792,77.02,62,1,17.43,EG,2022-07-13 00:28:43
187,Manuk Mangkaw,4.8,119.85,83.71,69,83,5.79,PH,2022-07-13 00:28:43
188,Husavik,66.0449,-17.3389,42.69,93,100,18.37,IS,2022-07-13 00:28:44
189,Manavalakurichi,8.1333,77.3,78.04,83,100,16.58,IN,2022-07-13 00:28:44
190,Saskylakh,71.9167,114.0833,44.24,66,100,12.95,RU,2022-07-13 00:28:44
191,Hattiesburg,31.3271,-89.2903,89.92,84,75,4.61,US,2022-07-13 00:28:45
192,Rumonge,-3.9736,29.4386,74.44,57,63,3.76,BI,2022-07-13 00:28:45
193,Ashqelon,31.6693,34.5715,76.89,77,0,2.77,IL,2022-07-13 00:28:45
194,Robertsport,6.7533,-11.3686,76.62,87,76,9.69,LR,2022-07-13 00:28:46
195,Nacala,-14.5428,40.6728,65.62,82,0,6.55,MZ,2022-07-13 00:28:46
196,San Angelo,31.4638,-100.437,88.02,50,0,9.22,US,2022-07-13 00:25:25
197,Muisne,0.6,-80.0333,73.96,86,98,9.51,EC,2022-07-13 00:28:46
198,Newry,54.1784,-6.3374,53.11,92,65,4.43,GB,2022-07-13 00:28:47
199,Hualmay,-11.0964,-77.6139,61.88,78,6,9.71,PE,2022-07-13 00:28:47
200,Hervey Bay,-25.2986,152.8535,57.74,64,0,14.36,AU,2022-07-13 00:28:47
201,Touros,-5.1989,-35.4608,75.78,86,13,11.61,BR,2022-07-13 00:28:48
202,Lima,-12.0432,-77.0282,60.91,81,75,10.36,PE,2022-07-13 00:28:48
203,Airai,-8.9266,125.4092,59.54,68,97,3.56,TL,2022-07-13 00:28:48
204,Loikaw,19.6742,97.2094,68.34,97,79,0.34,MM,2022-07-13 00:28:49
205,Santa Maria,-29.6842,-53.8069,42.1,100,0,2.3,BR,2022-07-13 00:28:49
206,Klaksvik,62.2266,-6.589,50.92,91,100,26.02,FO,2022-07-13 00:28:50
207,Evensk,61.95,159.2333,56.71,82,44,6.53,RU,2022-07-13 00:28:50
208,Miajadas,39.1513,-5.9084,83.88,20,83,2.84,ES,2022-07-13 00:28:50
209,Castro,-24.7911,-50.0119,53.38,76,7,0.96,BR,2022-07-13 00:28:50
210,Ilulissat,69.2167,-51.1,44.62,81,20,2.3,GL,2022-07-13 00:28:51
211,Toora-Khem,52.4675,96.11,56.93,80,95,2.42,RU,2022-07-13 00:28:51
212,Varzea Da Palma,-17.5981,-44.7308,66.02,48,13,2.04,BR,2022-07-13 00:28:51
213,Lavrentiya,65.5833,-171.0,52.09,74,98,6.96,RU,2022-07-13 00:28:52
214,Asosa,10.0667,34.5333,60.71,85,100,3.65,ET,2022-07-13 00:28:52
215,Brigantine,39.4101,-74.3646,79.03,91,0,6.91,US,2022-07-13 00:28:52
216,San Pedro Carcha,15.4833,-90.2667,75.81,73,75,6.91,GT,2022-07-13 00:28:53
217,Nichinan,31.6,131.3667,83.88,76,100,1.92,JP,2022-07-13 00:28:53
218,San Benito,36.6166,-121.0844,84.87,32,0,8.46,US,2022-07-13 00:28:53
219,Ormara,25.2088,64.6357,83.01,87,86,12.77,PK,2022-07-13 00:28:54
220,Magalia,39.8121,-121.5783,95.5,12,44,8.79,US,2022-07-13 00:28:54
221,Garbolovo,60.3413,30.4955,59.7,98,51,2.84,RU,2022-07-13 00:28:54
222,Kalabo,-14.97,22.6814,59.13,47,0,8.1,ZM,2022-07-13 00:28:55
223,Nemuro,43.3236,145.575,62.74,95,100,5.26,JP,2022-07-13 00:29:55
224,Paptalaya,15.5,-84.3167,77.58,93,97,3.91,HN,2022-07-13 00:29:55
225,Maceio,-9.6658,-35.7353,74.64,88,75,4.61,BR,2022-07-13 00:29:56
226,Saint George,37.1041,-113.5841,108.43,13,0,6.91,US,2022-07-13 00:29:25
227,Wattegama,6.7989,81.4808,75.09,73,48,9.57,LK,2022-07-13 00:29:56
228,Katunino,64.3862,40.6298,69.69,80,10,4.97,RU,2022-07-13 00:29:57
229,Pattao,18.2493,121.8159,75.78,96,100,10.04,PH,2022-07-13 00:29:57
230,Sinop,41.7711,34.8709,58.23,71,82,0.72,TR,2022-07-13 00:29:57
231,Chokurdakh,70.6333,147.9167,51.76,74,99,8.37,RU,2022-07-13 00:29:58
232,Emerald,-23.5333,148.1667,56.34,58,0,4.32,AU,2022-07-13 00:29:58
233,Charlestown,-32.95,151.6667,57.11,66,95,7.0,AU,2022-07-13 00:29:58
234,Victoria,22.2855,114.1577,88.97,76,16,5.99,HK,2022-07-13 00:27:53
235,Nesterov,54.6306,22.5714,59.47,97,100,16.98,RU,2022-07-13 00:29:59
236,Leningradskiy,69.3833,178.4167,38.61,95,100,6.04,RU,2022-07-13 00:29:59
237,Cidreira,-30.1811,-50.2056,52.99,69,96,9.42,BR,2022-07-13 00:29:59
238,Non Sung,15.1801,102.2569,79.99,90,100,6.26,TH,2022-07-13 00:30:00
239,Richards Bay,-28.783,32.0377,63.54,88,61,6.98,ZA,2022-07-13 00:30:00
240,Bosaso,11.2842,49.1816,87.42,42,27,26.17,SO,2022-07-13 00:30:00
241,Oistins,13.0667,-59.5333,82.49,74,40,18.41,BB,2022-07-13 00:30:01
242,Namibe,-15.1961,12.1522,62.02,89,1,4.34,AO,2022-07-13 00:27:02
243,Abonnema,4.7084,6.7931,72.86,89,98,4.74,NG,2022-07-13 00:30:01
244,San Pedro,14.35,121.0167,81.63,84,75,4.61,PH,2022-07-13 00:30:01
245,Terra Santa,-2.1042,-56.4869,79.7,70,71,3.38,BR,2022-07-13 00:30:02
246,Marsa Matruh,31.3525,27.2453,76.12,66,0,11.79,EG,2022-07-13 00:30:02
247,Kirovskiy,45.0917,133.5136,78.24,71,4,2.82,RU,2022-07-13 00:30:03
248,San Cristobal,7.7669,-72.225,69.98,97,73,4.32,VE,2022-07-13 00:30:03
249,Kangaatsiaq,68.3065,-53.4641,41.27,82,99,2.55,GL,2022-07-13 00:30:04
250,Balaipungut,1.05,101.2833,74.52,96,100,0.43,ID,2022-07-13 00:30:04
251,Wasilla,61.5814,-149.4394,63.52,68,100,8.05,US,2022-07-13 00:30:04
252,Hovd,48.0056,91.6419,69.4,39,100,2.1,MN,2022-07-13 00:30:05
253,Mullovka,54.2,49.4,71.42,63,19,8.99,RU,2022-07-13 00:30:05
254,Verkhnyaya Inta,65.9811,60.3094,66.04,86,95,10.94,RU,2022-07-13 00:30:06
255,Kupang,-10.1667,123.5833,78.3,58,31,15.23,ID,2022-07-13 00:30:06
256,Tautira,-17.7333,-149.15,76.28,79,50,12.33,PF,2022-07-13 00:30:07
257,Ivanava,52.1451,25.5365,58.48,97,100,14.63,BY,2022-07-13 00:30:07
258,Collie,-33.3667,116.15,49.75,78,0,4.47,AU,2022-07-13 00:30:07
259,Dymer,50.7865,30.3026,59.95,84,100,24.54,UA,2022-07-13 00:30:08
260,Mitoc,48.1,27.0333,58.69,64,100,7.72,RO,2022-07-13 00:30:09
261,Talnakh,69.4865,88.3972,47.21,45,24,19.48,RU,2022-07-13 00:30:09
262,Sungurlu,40.1675,34.3739,60.26,79,0,4.81,TR,2022-07-13 00:30:09
263,Harbour Breton,47.4833,-55.7983,57.67,96,100,8.68,CA,2022-07-13 00:30:10
264,Saint-Augustin,51.226,-58.6502,57.69,75,100,13.35,CA,2022-07-13 00:30:10
265,Aleppo,36.25,37.5,73.44,70,0,15.61,SY,2022-07-13 00:25:15
266,Rehoboth,-23.3167,17.0833,51.24,43,0,2.89,NA,2022-07-13 00:27:49
267,Singkang,2.1006,102.7994,77.09,90,100,2.39,MY,2022-07-13 00:30:11
268,Tomatlan,19.9333,-105.25,86.05,66,25,9.4,MX,2022-07-13 00:29:29
269,Belmonte,-15.8631,-38.8828,72.3,72,38,5.48,BR,2022-07-13 00:25:44
270,Sven,53.1822,34.5511,53.71,83,6,8.77,RU,2022-07-13 00:31:11
271,Kajaani,64.2273,27.7285,60.85,100,0,3.44,FI,2022-07-13 00:30:12
272,Huarmey,-10.0681,-78.1522,62.13,82,0,8.88,PE,2022-07-13 00:31:12
273,Mareeba,-17.0,145.4333,70.48,63,48,2.84,AU,2022-07-13 00:31:12
274,Bull Savanna,17.8868,-77.5902,77.04,80,100,12.73,JM,2022-07-13 00:31:12
275,Zabol,32.25,67.25,72.95,18,0,9.24,AF,2022-07-13 00:31:13
276,Thinadhoo,0.5333,72.9333,82.27,75,95,8.14,MV,2022-07-13 00:31:13
277,Catuday,16.2923,119.8062,80.42,81,100,11.34,PH,2022-07-13 00:31:14
278,Kuncice Pod Ondrejnikem,49.5507,18.2611,58.82,76,0,8.05,CZ,2022-07-13 00:31:14
279,Vostok,46.4856,135.8833,72.9,74,83,0.11,RU,2022-07-13 00:31:14
280,Chabahar,25.2919,60.643,83.95,81,87,2.26,IR,2022-07-13 00:31:15
281,Khatanga,71.9667,102.5,38.75,84,100,11.07,RU,2022-07-13 00:31:15
282,Lennestadt,51.1167,8.0667,71.71,83,100,2.75,DE,2022-07-13 00:31:16
283,Tabas,33.5959,56.9244,84.42,17,0,2.3,IR,2022-07-13 00:31:16
284,Beruwala,6.4788,79.9828,78.71,82,47,11.43,LK,2022-07-13 00:31:17
285,Clyde River,70.4692,-68.5914,39.43,87,0,10.36,CA,2022-07-13 00:31:17
286,Beni Suef,29.0731,31.0979,75.58,67,0,14.85,EG,2022-07-13 00:31:17
287,Junction City,39.0286,-96.8314,86.4,47,0,6.91,US,2022-07-13 00:30:03
288,Ancud,-41.8697,-73.8203,39.22,77,58,9.8,CL,2022-07-13 00:31:18
289,Bengkulu,-3.8004,102.2655,75.94,87,98,2.28,ID,2022-07-13 00:29:32
290,Biak,-0.9131,122.8766,76.98,83,96,5.73,ID,2022-07-13 00:31:18
291,Vestmannaeyjar,63.4427,-20.2734,47.84,76,58,22.26,IS,2022-07-13 00:31:19
292,Pajapan,18.25,-94.7,84.36,87,100,4.03,MX,2022-07-13 00:31:19
293,Moose Factory,51.2585,-80.6094,62.6,55,0,16.11,CA,2022-07-13 00:29:28
294,Ketchikan,55.3422,-131.6461,55.87,88,100,8.05,US,2022-07-13 00:31:20
295,Hami,42.8,93.45,84.24,23,41,6.38,CN,2022-07-13 00:31:20
296,Scarborough,54.2797,-0.4044,63.91,76,0,8.28,GB,2022-07-13 00:30:07
297,Prince Rupert,54.3161,-130.3201,53.69,90,100,19.57,CA,2022-07-13 00:27:19
298,Chapais,49.7834,-74.8492,65.98,73,30,9.84,CA,2022-07-13 00:31:21
299,Yerkoy,39.6381,34.4672,61.36,83,0,3.42,TR,2022-07-13 00:31:21
300,Alice Springs,-23.7,133.8833,49.55,62,0,9.22,AU,2022-07-13 00:29:54
301,Lapua,62.9693,23.0088,63.34,80,100,3.33,FI,2022-07-13 00:31:21
302,Inhambane,-23.865,35.3833,67.21,75,0,5.86,MZ,2022-07-13 00:31:22
303,Sault Sainte Marie,46.5168,-84.3333,61.36,66,100,13.8,CA,2022-07-13 00:29:38
304,Puerto Leguizamo,-0.1934,-74.7819,72.68,93,12,2.17,CO,2022-07-13 00:31:22
305,Gillette,44.2911,-105.5022,86.92,30,0,7.0,US,2022-07-13 00:30:07
306,Tazmalt,36.3868,4.3989,79.77,41,0,3.65,DZ,2022-07-13 00:31:23
307,Tevaitoa,-16.7833,-151.5,78.35,68,12,8.59,PF,2022-07-13 00:31:23
308,Kaitangata,-46.2817,169.8464,43.09,95,100,14.25,NZ,2022-07-13 00:31:23
309,Kologriv,58.8275,44.3178,63.39,96,78,3.98,RU,2022-07-13 00:31:24
310,Kutum,14.2,24.6667,75.65,63,70,10.38,SD,2022-07-13 00:32:24
311,Xiaoshi,41.2971,124.1209,72.41,97,100,5.23,CN,2022-07-13 00:32:24
312,Afonso Bezerra,-5.4983,-36.5056,76.69,72,5,17.63,BR,2022-07-13 00:32:25
313,Nome,64.5011,-165.4064,65.16,72,0,11.5,US,2022-07-13 00:32:25
314,Rocky Mountain House,52.3668,-114.9188,86.11,32,1,13.8,CA,2022-07-13 00:30:21
315,Male,4.1748,73.5089,81.7,73,24,10.4,MV,2022-07-13 00:32:25
316,Plouzane,48.3833,-4.6167,64.72,91,0,3.44,FR,2022-07-13 00:32:26
317,Erenhot,43.6475,111.9767,70.59,43,0,16.89,CN,2022-07-13 00:32:26
318,Labytnangi,66.6572,66.4183,54.39,86,100,4.54,RU,2022-07-13 00:32:26
319,Tuatapere,-46.1333,167.6833,43.61,94,100,9.73,NZ,2022-07-13 00:32:27
320,Luderitz,-26.6481,15.1594,55.62,65,0,15.66,NA,2022-07-13 00:32:27
321,Lamar,33.6668,-95.5836,98.58,36,0,9.22,US,2022-07-13 00:32:27
322,Chicama,-7.8447,-79.1469,59.54,80,16,6.06,PE,2022-07-13 00:32:28
323,Praya,14.9215,-23.5087,77.54,73,0,6.91,CV,2022-07-13 00:32:28
324,Agirish,61.9247,63.0231,67.6,80,12,2.64,RU,2022-07-13 00:32:28
325,San Patricio,28.017,-97.5169,94.17,59,5,13.31,US,2022-07-13 00:32:29
326,Marawi,7.9986,124.2928,77.63,76,72,1.86,PH,2022-07-13 00:32:08
327,Tongzi,28.7829,105.0877,84.42,79,98,5.55,CN,2022-07-13 00:32:29
328,Lata,40.1629,-8.3327,78.08,29,100,2.98,PT,2022-07-13 00:32:29
329,Victor Harbor,-35.5667,138.6167,55.0,76,100,9.48,AU,2022-07-13 00:32:30
330,Namatanai,-3.6667,152.4333,85.33,66,18,7.38,PG,2022-07-13 00:32:30
331,Salisbury,51.0693,-1.7957,70.09,74,75,3.44,GB,2022-07-13 00:30:07
332,Ocos,14.5094,-92.1933,84.38,79,100,9.17,GT,2022-07-13 00:32:31
333,Bandarbeyla,9.4942,50.8122,78.73,68,99,27.51,SO,2022-07-13 00:32:31
334,Katav-Ivanovsk,54.7531,58.1956,62.53,96,83,4.25,RU,2022-07-13 00:32:31
335,Pisco,-13.7,-76.2167,60.85,82,75,14.97,PE,2022-07-13 00:32:31
336,Ambilobe,-13.2,49.05,67.33,80,5,3.49,MG,2022-07-13 00:32:32
337,Sladkovo,55.5284,70.3385,60.85,76,72,4.29,RU,2022-07-13 00:32:11
338,Auki,-8.7676,160.7034,84.97,63,62,5.91,SB,2022-07-13 00:29:37
339,Lynn Haven,30.2455,-85.6483,79.0,96,20,3.44,US,2022-07-13 00:31:28
340,Kasese,0.1833,30.0833,70.99,66,100,1.92,UG,2022-07-13 00:32:32
341,Hamilton,39.1834,-84.5333,83.64,53,40,9.22,US,2022-07-13 00:32:33
342,Medea,36.2642,2.7539,67.26,69,0,2.26,DZ,2022-07-13 00:32:33
343,Taizhou,32.4933,119.9106,93.51,56,100,7.94,CN,2022-07-13 00:32:33
344,Salalah,17.0151,54.0924,77.09,94,100,6.91,OM,2022-07-13 00:32:34
345,Constitucion,-35.3333,-72.4167,49.46,82,39,6.91,CL,2022-07-13 00:32:34
346,Rabat,33.9911,-6.8401,73.47,94,81,9.22,MA,2022-07-13 00:29:51
347,Wuwei,37.9281,102.6414,76.98,43,100,1.92,CN,2022-07-13 00:32:34
348,Schaffhausen,47.6973,8.6349,62.58,77,35,3.0,CH,2022-07-13 00:32:35
349,Bitung,1.4451,125.1824,85.05,82,98,11.1,ID,2022-07-13 00:32:35
350,Gold Coast,-28.0,153.4333,63.18,77,0,4.61,AU,2022-07-13 00:27:39
351,Kawalu,-7.3817,108.2082,75.47,92,100,0.92,ID,2022-07-13 00:32:36
352,Eha Amufu,6.6592,7.7596,71.83,95,100,4.41,NG,2022-07-13 00:32:36
353,Srednekolymsk,67.45,153.6833,76.26,44,100,8.48,RU,2022-07-13 00:30:44
354,Nehe,48.4833,124.8333,75.56,70,100,9.89,CN,2022-07-13 00:32:36
355,Malatya,38.5,38.0,71.65,38,0,11.5,TR,2022-07-13 00:32:37
356,Alabino,55.5268,37.0103,59.25,77,0,6.71,RU,2022-07-13 00:32:37
357,Darfo,45.8779,10.1812,73.72,80,8,4.88,IT,2022-07-13 00:32:37
358,Carutapera,-1.195,-46.02,74.95,93,31,5.5,BR,2022-07-13 00:32:38
359,Ewa Beach,21.3156,-158.0072,87.75,59,75,17.27,US,2022-07-13 00:30:26
360,Vila Franca Do Campo,37.7167,-25.4333,73.2,96,96,8.28,PT,2022-07-13 00:33:38
361,Rundu,-17.9333,19.7667,52.83,49,0,4.74,NA,2022-07-13 00:33:38
362,Tam Ky,15.5667,108.4833,79.99,87,98,3.22,VN,2022-07-13 00:33:39
363,Kieta,-6.2167,155.6333,85.55,70,66,7.18,PG,2022-07-13 00:33:39
364,Qaqortoq,60.7167,-46.0333,43.47,83,7,4.74,GL,2022-07-13 00:29:11
365,Sisimiut,66.9395,-53.6735,42.66,93,99,3.71,GL,2022-07-13 00:33:16
366,Bonavista,48.6499,-53.1147,56.25,81,0,11.18,CA,2022-07-13 00:33:40
367,Victoria Point,-27.5833,153.3,61.25,80,0,4.0,AU,2022-07-13 00:33:40
368,Villa Nueva,14.5269,-90.5875,66.47,78,100,0.76,GT,2022-07-13 00:33:40
369,Bambous Virieux,-20.3428,57.7575,69.22,66,81,13.2,MU,2022-07-13 00:33:41
370,Hauknes,66.2833,14.0667,55.8,93,100,0.0,NO,2022-07-13 00:33:41
371,Mae Sai,20.4335,99.8762,75.94,94,99,0.87,TH,2022-07-13 00:33:41
372,Nsanje,-16.92,35.262,61.77,90,14,3.22,MW,2022-07-13 00:33:42
373,Geraldton,-28.7667,114.6,55.81,71,98,8.05,AU,2022-07-13 00:30:19
374,Winsum,53.33,6.5208,69.78,79,100,7.29,NL,2022-07-13 00:31:34
375,Vaasa,63.096,21.6158,59.95,100,97,1.14,FI,2022-07-13 00:31:42
376,Porto Santo,33.072,-16.3415,66.58,77,20,9.22,PT,2022-07-13 00:33:42
377,Anadyr,64.75,177.4833,68.5,60,0,11.18,RU,2022-07-13 00:33:43
378,Sao Felix Do Xingu,-6.6447,-51.995,80.92,48,100,2.21,BR,2022-07-13 00:33:43
379,Tatarsk,55.219,75.9828,59.49,75,97,3.06,RU,2022-07-13 00:31:21
380,Torgelow,53.6333,14.0167,60.98,87,12,7.2,DE,2022-07-13 00:33:43
381,Aykhal,66.0,111.5,53.24,63,0,5.82,RU,2022-07-13 00:33:18
382,Palmer,42.1584,-72.3287,72.18,86,100,6.91,US,2022-07-13 00:33:44
383,Labuan,5.2767,115.2417,80.96,88,20,3.44,MY,2022-07-13 00:33:44
384,Kahului,20.8947,-156.47,82.42,76,40,23.02,US,2022-07-13 00:29:21
385,Iralaya,15.0,-83.2333,79.59,88,21,11.52,HN,2022-07-13 00:33:45
386,Grand-Lahou,5.1367,-5.0242,75.06,85,100,9.6,CI,2022-07-13 00:33:45
387,Sakata,38.9167,139.855,86.18,58,75,14.97,JP,2022-07-13 00:29:36
388,Sechura,-5.5569,-80.8222,63.81,80,85,15.55,PE,2022-07-13 00:33:45
389,Norton,-17.8833,30.7,55.27,67,57,5.66,ZW,2022-07-13 00:33:46
390,Omboue,-1.5746,9.2618,69.49,93,65,5.08,GA,2022-07-13 00:33:46
391,Amot,59.5714,7.9877,51.51,91,23,3.06,NO,2022-07-13 00:33:46
392,Sibi,29.5448,67.8764,94.55,50,41,1.66,PK,2022-07-13 00:33:47
393,Saint Anthony,45.0205,-93.218,83.03,61,100,19.57,US,2022-07-13 00:33:47
394,La Ronge,55.1001,-105.2842,80.82,36,20,8.05,CA,2022-07-13 00:33:47
395,Vardo,70.3705,31.1107,53.58,94,100,6.91,NO,2022-07-13 00:33:48
396,Port Lincoln,-34.7333,135.8667,56.64,61,100,8.5,AU,2022-07-13 00:30:44
397,Goundi,9.3627,17.366,71.17,93,100,3.02,TD,2022-07-13 00:33:48
398,Tabanan,-8.5413,115.1252,76.64,83,98,6.96,ID,2022-07-13 00:33:48
399,Balgazyn,51.0,95.2,59.13,88,100,4.79,RU,2022-07-13 00:33:49
400,Sao Filipe,14.8961,-24.4956,74.95,82,38,7.27,CV,2022-07-13 00:33:49
401,Walvis Bay,-22.9575,14.5053,55.09,93,0,5.75,NA,2022-07-13 00:33:49
402,Albertville,34.2676,-86.2089,85.95,58,0,0.0,US,2022-07-13 00:33:50
403,Trairi,-3.2778,-39.2689,77.59,85,11,8.57,BR,2022-07-13 00:30:50
404,Mbeya,-8.9,33.45,51.66,93,47,5.95,TZ,2022-07-13 00:33:50
405,Camacha,33.0833,-16.3333,63.82,77,20,9.22,PT,2022-07-13 00:33:51
406,Bolshoye Murashkino,55.7826,44.7754,60.91,92,2,2.95,RU,2022-07-13 00:33:51
407,North Platte,41.1239,-100.7654,87.69,41,0,12.66,US,2022-07-13 00:33:51
408,Pathein,16.7833,94.7333,76.89,91,100,9.71,MM,2022-07-13 00:34:52
409,Carire,-3.9506,-40.4733,77.07,66,66,1.83,BR,2022-07-13 00:34:52
410,Deputatskiy,69.3,139.9,63.81,54,64,11.59,RU,2022-07-13 00:32:03
411,Montepuez,-13.1256,38.9997,58.12,89,2,4.29,MZ,2022-07-13 00:34:52
412,Zalantun,48.0,122.7167,68.74,97,100,6.15,CN,2022-07-13 00:34:53
413,Stornoway,58.2093,-6.3865,53.56,84,75,14.97,GB,2022-07-13 00:34:53
414,Viedma,-40.8135,-62.9967,47.19,53,0,10.94,AR,2022-07-13 00:34:54
415,Obo,5.3998,26.4869,66.27,99,100,1.3,CF,2022-07-13 00:34:54
416,Stephenville,32.2207,-98.2023,99.55,23,1,7.0,US,2022-07-13 00:34:54
417,Williamsburg,37.2707,-76.7075,86.85,75,20,5.75,US,2022-07-13 00:34:55
418,Samana,19.2056,-69.3369,78.89,87,10,7.76,DO,2022-07-13 00:34:55
419,Cap Malheureux,-19.9842,57.6142,69.48,68,93,5.01,MU,2022-07-13 00:34:55
420,Den Helder,52.9599,4.7593,71.94,70,100,9.22,NL,2022-07-13 00:34:56
421,Coihaique,-45.5752,-72.0662,31.95,93,40,3.44,CL,2022-07-13 00:34:14
422,Kulebaki,55.4133,42.5325,58.96,95,18,2.71,RU,2022-07-13 00:34:56
423,Manta,-0.95,-80.7333,71.38,88,100,9.22,EC,2022-07-13 00:34:56
424,Nador,35.174,-2.9287,77.25,83,100,3.44,MA,2022-07-13 00:34:57
425,Carauari,-4.8828,-66.8958,74.64,93,76,1.16,BR,2022-07-13 00:30:00
426,Candido De Abreu,-24.5669,-51.3333,52.72,78,10,2.66,BR,2022-07-13 00:34:57
427,Dingle,10.9995,122.6711,83.8,77,100,6.51,PH,2022-07-13 00:34:57
428,Clarence Town,-32.5833,151.7833,57.85,73,36,9.31,AU,2022-07-13 00:34:58
429,Singaraja,-8.112,115.0882,81.05,74,59,1.34,ID,2022-07-13 00:34:58
430,Launceston,-41.45,147.1667,49.6,77,5,10.36,AU,2022-07-13 00:34:58
431,Chulym,55.0997,80.9572,57.56,69,29,7.74,RU,2022-07-13 00:34:59
432,Capitan Bado,-23.2667,-55.5333,53.04,69,100,5.91,PY,2022-07-13 00:34:59
433,Eirunepe,-6.6603,-69.8736,78.19,74,95,0.72,BR,2022-07-13 00:34:59
434,Padang,-0.9492,100.3543,78.93,87,100,3.76,ID,2022-07-13 00:35:00
435,Chumikan,54.7183,135.315,60.84,84,100,7.78,RU,2022-07-13 00:35:00
436,Nueva Gerona,21.8833,-82.8,82.81,72,100,7.14,CU,2022-07-13 00:35:00
437,Makakilo City,21.3469,-158.0858,82.72,65,100,17.27,US,2022-07-13 00:35:01
438,Kudahuvadhoo,2.6708,72.8944,81.34,73,65,4.94,MV,2022-07-13 00:34:33
439,Buala,-8.145,159.5921,84.43,71,81,10.92,SB,2022-07-13 00:35:01
440,Comodoro Rivadavia,-45.8667,-67.5,39.06,60,0,19.57,AR,2022-07-13 00:35:02
441,Pijijiapan,15.7011,-93.23,75.61,88,100,5.73,MX,2022-07-13 00:35:02
442,Biltine,14.5333,20.9167,84.33,51,83,9.69,TD,2022-07-13 00:35:02
443,Coihueco,-36.6167,-71.8333,43.54,93,100,16.11,CL,2022-07-13 00:30:36
444,Arlit,18.7369,7.3853,91.6,26,21,5.32,NE,2022-07-13 00:35:03
445,Leshan,29.5623,103.7639,79.27,94,100,3.98,CN,2022-07-13 00:31:26
446,Natal,-5.795,-35.2094,77.22,88,20,6.91,BR,2022-07-13 00:32:02
447,Okhotsk,59.3833,143.3,59.38,94,100,7.54,RU,2022-07-13 00:33:17
448,Alta Floresta,-9.8756,-56.0861,76.48,47,20,4.14,BR,2022-07-13 00:35:04
449,Elat,29.5581,34.9482,84.04,54,0,6.91,IL,2022-07-13 00:35:04
450,Belyy Yar,53.6039,91.3903,62.49,67,0,17.9,RU,2022-07-13 00:35:04
451,Yibin,28.7667,104.6238,84.6,81,100,5.53,CN,2022-07-13 00:35:05
452,Moen,69.1304,18.6123,52.52,93,0,1.14,NO,2022-07-13 00:30:12
453,Hammerfest,70.6634,23.6821,70.25,52,45,5.75,NO,2022-07-13 00:35:05
454,Warrnambool,-38.3833,142.4833,53.82,64,64,14.14,AU,2022-07-13 00:35:05
455,Jiaocheng,24.6774,116.1389,87.24,66,14,3.06,CN,2022-07-13 00:35:06
456,Loiza,18.4313,-65.8802,83.07,84,40,10.36,PR,2022-07-13 00:35:06
457,Brae,60.3964,-1.353,52.93,82,100,20.92,GB,2022-07-13 00:36:06
458,Charlottesville,38.0293,-78.4767,86.02,76,75,5.75,US,2022-07-13 00:34:43
459,Morant Bay,17.8815,-76.4093,85.62,84,95,10.27,JM,2022-07-13 00:36:07
460,Port Blair,11.6667,92.75,82.02,82,100,19.82,IN,2022-07-13 00:36:07
461,Zaria,11.1113,7.7227,72.39,83,100,8.68,NG,2022-07-13 00:35:13
462,Katsuura,35.1333,140.3,76.37,91,80,6.6,JP,2022-07-13 00:36:08
463,Vilyuysk,63.7553,121.6247,75.54,55,54,2.84,RU,2022-07-13 00:36:08
464,Ulladulla,-35.35,150.4667,54.64,58,79,7.85,AU,2022-07-13 00:36:08
465,Hope,33.6671,-93.5916,98.65,49,0,3.91,US,2022-07-13 00:36:09
466,Adrar,20.5022,-10.0711,91.44,7,0,7.52,MR,2022-07-13 00:32:07
467,Tigil,57.8,158.6667,80.22,40,5,10.83,RU,2022-07-13 00:36:09
468,Dzilam Gonzalez,21.2833,-88.9333,82.89,70,100,8.59,MX,2022-07-13 00:36:10
469,San Quintin,30.4833,-115.95,68.2,73,65,13.8,MX,2022-07-13 00:36:10
470,Jining,35.405,116.5814,80.92,76,97,6.17,CN,2022-07-13 00:31:18
471,Caravelas,-17.7125,-39.2481,70.14,80,99,5.17,BR,2022-07-13 00:36:10
472,Lahat,-3.8,103.5333,76.15,88,100,2.1,ID,2022-07-13 00:36:11
473,Nuuk,64.1835,-51.7216,41.61,100,75,14.97,GL,2022-07-13 00:36:11
474,Arman,59.7,150.1667,75.02,81,54,6.64,RU,2022-07-13 00:35:52
475,Ouallam,14.3188,2.0866,92.79,37,96,7.83,NE,2022-07-13 00:36:12
476,Nishihara,26.1842,127.7558,89.65,76,20,6.91,JP,2022-07-13 00:36:12
477,Dunedin,-45.8742,170.5036,44.44,95,100,22.39,NZ,2022-07-13 00:31:14
478,Northam,51.0333,-4.2167,65.61,86,79,4.74,GB,2022-07-13 00:36:12
479,Dwarka,22.2394,68.9678,82.06,84,100,20.49,IN,2022-07-13 00:36:13
480,Ca Mau,9.1769,105.15,75.97,93,100,14.36,VN,2022-07-13 00:36:13
481,Pandan,14.0453,124.1694,86.05,68,100,4.74,PH,2022-07-13 00:36:13
482,Sao Francisco De Assis,-29.5503,-55.1311,46.47,79,0,3.11,BR,2022-07-13 00:36:14
483,Pierre,44.3683,-100.351,89.28,36,0,3.44,US,2022-07-13 00:36:14
484,Agutaya,11.148,120.9417,81.12,77,100,3.94,PH,2022-07-13 00:36:14
485,Carballo,43.213,-8.691,71.76,89,98,1.63,ES,2022-07-13 00:36:15
486,Sorland,67.667,12.6934,53.46,94,100,17.96,NO,2022-07-13 00:36:15
487,La Libertad,-2.2333,-80.9,68.94,85,94,10.51,EC,2022-07-13 00:36:15
488,Topolobampo,25.6,-109.05,87.71,55,20,8.05,MX,2022-07-13 00:36:16
489,Pokhara,28.2333,83.9833,74.68,91,99,1.72,NP,2022-07-13 00:33:32
490,Turukhansk,65.8167,87.9833,47.61,64,100,9.89,RU,2022-07-13 00:36:16
491,Petropavlovsk-Kamchatskiy,53.0452,158.6483,68.59,78,20,8.95,RU,2022-07-13 00:36:16
492,Am Timan,11.0297,20.2827,74.25,81,100,7.02,TD,2022-07-13 00:36:17
493,Presidencia Roque Saenz Pena,-26.7852,-60.4388,47.64,67,0,5.86,AR,2022-07-13 00:36:17
494,Namtsy,62.7161,129.6658,72.0,64,100,3.33,RU,2022-07-13 00:36:17
495,Kayes,14.0,-11.0,79.72,72,100,8.3,ML,2022-07-13 00:36:18
496,Port-Cartier,50.0334,-66.8654,59.22,97,95,4.83,CA,2022-07-13 00:36:18
497,Massakory,12.996,15.7293,81.28,60,100,14.92,TD,2022-07-13 00:36:19
498,Pevek,69.7008,170.3133,34.63,97,100,19.46,RU,2022-07-13 00:36:19
499,Riyadh,24.6877,46.7219,87.94,12,91,10.54,SA,2022-07-13 00:32:49
500,Ahipara,-35.1667,173.1667,60.03,80,100,13.49,NZ,2022-07-13 00:36:19
501,La Asuncion,11.0333,-63.8628,74.93,94,100,5.75,VE,2022-07-13 00:35:15
502,Petropavlovskaya,45.0819,40.4512,67.19,83,100,1.5,RU,2022-07-13 00:36:20
503,Kouango,4.9934,19.9619,70.88,93,100,1.36,CF,2022-07-13 00:36:20
504,Byron Bay,-28.65,153.6167,60.71,57,0,13.0,AU,2022-07-13 00:35:39
505,Grandola,38.1772,-8.5668,71.35,64,100,3.53,PT,2022-07-13 00:37:21
506,Okakarara,-20.5833,17.4333,50.47,49,0,5.7,NA,2022-07-13 00:37:21
507,Jedrzejow,50.6394,20.3045,63.14,59,88,7.0,PL,2022-07-13 00:37:21
508,Aktau,43.65,51.2,82.98,32,85,11.27,KZ,2022-07-13 00:37:22
509,Orlik,52.5178,99.825,58.23,74,23,2.46,RU,2022-07-13 00:37:22
510,Ust-Kut,56.7938,105.7672,59.86,78,24,1.39,RU,2022-07-13 00:37:22
511,Vestmanna,62.1564,-7.1664,49.12,93,100,12.66,FO,2022-07-13 00:37:23
512,Radovan,44.1667,23.6167,62.26,54,0,6.17,RO,2022-07-13 00:37:23
513,Kisangani,0.5167,25.2,71.24,95,100,2.48,CD,2022-07-13 00:37:23
514,Baft,29.234,56.6057,64.89,18,0,10.31,IR,2022-07-13 00:37:24
515,Grafton,42.207,-71.6856,76.91,82,75,12.66,US,2022-07-13 00:37:24
516,Ambovombe,-25.1667,46.0833,62.28,89,0,4.68,MG,2022-07-13 00:37:24
517,Presidente Epitacio,-21.7633,-52.1156,65.16,67,100,6.49,BR,2022-07-13 00:37:17
518,Pervomayskoye,43.919,46.7102,71.19,69,34,4.07,RU,2022-07-13 00:37:25
519,Sao Joaquim,-28.2939,-49.9317,36.36,97,19,0.6,BR,2022-07-13 00:37:25
520,Amahai,-3.3333,128.9167,78.6,86,100,4.59,ID,2022-07-13 00:37:25
521,Klyuchi,52.2667,79.1667,63.63,67,74,12.12,RU,2022-07-13 00:37:26
522,Waiouru,-39.4833,175.6667,50.4,73,44,11.03,NZ,2022-07-13 00:37:26
523,Razdolnoye,43.55,131.9167,68.41,84,98,7.09,RU,2022-07-13 00:37:26
524,Wawa,9.9022,4.4192,75.16,89,100,6.11,NG,2022-07-13 00:37:27
525,Kochki,54.3358,80.4806,58.66,69,61,7.92,RU,2022-07-13 00:37:27
526,Zhob,31.3411,69.4481,77.47,69,28,2.08,PK,2022-07-13 00:37:27
527,Eluru,16.7,81.1,75.22,83,100,15.57,IN,2022-07-13 00:37:28
528,Jalpan,21.2333,-99.4833,82.89,56,99,5.21,MX,2022-07-13 00:37:28
529,Hirara,24.8,125.2833,88.07,74,75,11.5,JP,2022-07-13 00:37:29
530,Sangar,63.9242,127.4739,68.97,66,100,1.48,RU,2022-07-13 00:37:29
531,Camana,-16.6228,-72.7111,60.31,84,90,4.74,PE,2022-07-13 00:37:29
532,Astana,51.1801,71.446,58.95,72,0,0.0,KZ,2022-07-13 00:37:29
533,Kirakira,-10.4544,161.9205,83.3,65,51,11.97,SB,2022-07-13 00:37:30
534,Yerbogachen,61.2767,108.0108,54.12,54,100,3.6,RU,2022-07-13 00:37:30
535,Salinopolis,-0.6136,-47.3561,76.73,88,43,6.93,BR,2022-07-13 00:37:30
536,Trojes,41.756,19.962,59.49,53,100,7.54,AL,2022-07-13 00:37:31
537,Goderich,43.7501,-81.7165,64.9,88,55,6.91,CA,2022-07-13 00:37:31
538,Pahrump,36.2083,-115.9839,107.65,9,0,11.01,US,2022-07-13 00:36:58
539,Ust-Ilimsk,58.0006,102.6619,59.83,61,100,3.51,RU,2022-07-13 00:37:32
540,Tual,-5.6667,132.75,78.76,85,100,20.15,ID,2022-07-13 00:37:32
541,Mahon,39.8885,4.2658,73.96,94,0,3.44,ES,2022-07-13 00:37:32
542,Daru,-9.0763,143.2092,80.28,76,99,13.6,PG,2022-07-13 00:37:32
543,Saint-Pierre,-21.3393,55.4781,67.68,75,40,17.27,RE,2022-07-13 00:37:33
544,Farah,32.5,62.5,78.93,15,0,5.55,AF,2022-07-13 00:37:33
545,Bumba,2.1833,22.4667,72.03,96,100,3.0,CD,2022-07-13 00:37:34
546,Souillac,-20.5167,57.5167,69.37,63,52,12.44,MU,2022-07-13 00:37:34
547,Santa Cruz De La Palma,28.6835,-17.7642,71.74,68,100,10.36,ES,2022-07-13 00:37:34
548,Jiangyou,31.7667,104.7167,75.79,98,100,3.33,CN,2022-07-13 00:37:34
549,Taksimo,56.3444,114.8794,62.19,89,100,2.77,RU,2022-07-13 00:37:35
550,Kemijarvi,66.7131,27.4306,60.37,86,100,2.55,FI,2022-07-13 00:37:35
551,Paita,-5.0892,-81.1144,64.26,84,46,15.66,PE,2022-07-13 00:38:35
552,Tharad,24.3961,71.6267,83.35,79,98,7.7,IN,2022-07-13 00:38:36
553,Berbera,10.4396,45.0143,89.37,37,67,29.04,SO,2022-07-13 00:38:36
554,Newport,51.5877,-2.9984,66.81,74,89,5.39,GB,2022-07-13 00:38:03
555,Pitimbu,-7.4706,-34.8086,75.79,84,6,7.7,BR,2022-07-13 00:38:37
556,Zhezkazgan,47.8043,67.7144,66.18,45,0,15.66,KZ,2022-07-13 00:38:37
557,Mahenge,-8.6833,36.7167,59.32,77,100,1.03,TZ,2022-07-13 00:38:38
558,Krasnoselkup,65.7,82.4667,50.68,55,26,14.34,RU,2022-07-13 00:38:38
559,Embonas,36.2269,27.8564,73.83,70,0,17.02,GR,2022-07-13 00:38:38
560,Belaya Gora,68.5333,146.4167,75.61,45,31,4.92,RU,2022-07-13 00:38:39
561,Cascais,38.6979,-9.4215,83.55,54,100,4.0,PT,2022-07-13 00:38:39
562,Rio Grande,-32.035,-52.0986,42.91,80,4,7.83,BR,2022-07-13 00:38:39
563,Morros,-9.4467,-46.3003,73.71,43,11,3.89,BR,2022-07-13 00:38:40
564,Marystown,47.1666,-55.1483,60.85,100,64,1.99,CA,2022-07-13 00:38:40
565,Prince George,53.9166,-122.753,68.25,65,0,3.44,CA,2022-07-13 00:38:40
566,Rebrikha,53.0733,82.3408,59.61,68,20,11.88,RU,2022-07-13 00:38:41
567,Rawson,-43.3002,-65.1023,43.77,53,11,16.17,AR,2022-07-13 00:36:27
568,Ponce,18.073,-66.6185,80.76,76,5,5.97,PR,2022-07-13 00:38:41
569,Nagato,34.3833,131.2,78.96,71,63,5.84,JP,2022-07-13 00:38:41
570,Pyu,18.4833,96.4333,75.4,93,100,4.03,MM,2022-07-13 00:38:42
571,Tarakan,3.3,117.6333,78.84,84,100,6.62,ID,2022-07-13 00:38:42
572,Codrington,-38.2667,141.9667,54.01,61,36,12.19,AU,2022-07-13 00:38:42
573,Shaunavon,49.6501,-108.4181,83.98,30,11,11.79,CA,2022-07-13 00:38:43
574,Anamur,36.0751,32.8369,81.21,52,0,8.95,TR,2022-07-13 00:38:43
575,Yebaishou,41.3975,119.6408,75.42,83,100,4.7,CN,2022-07-13 00:38:43
576,Los Llanos De Aridane,28.6585,-17.9182,67.75,88,100,10.36,ES,2022-07-13 00:38:44
577,Elliot,-31.3333,27.85,40.59,42,0,7.72,ZA,2022-07-13 00:38:44
578,Grand Gaube,-20.0064,57.6608,69.39,68,94,5.01,MU,2022-07-13 00:38:44
